product_id,brand,title,price,category,rating,image_url,product_url
B0BW4LKCT5,PUJANE,Men's Dress Socks 5 Pairs Mens Cotton Calf Business Formal Soft Breathable Long Crew Casual Socks,49.99,New season,4.4,https://m.media-amazon.com/images/I/51PVatBRLFL._AC_UL320_.jpg,https://www.amazon.ae/dp/B0BW4LKCT
B0CQX2P4T2,JEMITOP,Men's Stretch Wrinkle Free Dress Shirts Formal Wedding Prom Long Sleeve Slim Fit Button Down Shirt,76.0,New season,4.5,https://m.media-amazon.com/images/I/61xlK+9wRxL._AC_UL320_.jpg,https://www.amazon.ae/dp/B0CQX2P4T
B08YQ3NLZ3,Tommy Hilfiger,DRESS MENS LINK BRACELET - 2790313,198.0,New season,4.4,https://m.media-amazon.com/images/I/51dJJFc4xrL._AC_UL320_.jpg,https://www.amazon.ae/dp/B08YQ3NLZ3
B0CM3GTQCZ,ANHAISHUILV,"Women's Skinny Leather Belt with Adjustable Silver Turn-Lock Buckle - Ideal for Dresses, Jeans, and Coats, Black",19.6,New season,4.3,https://m.media-amazon.com/images/I/51E4OumE7xL._AC_UL320_.jpg,https://www.amazon.ae/dp/B0CM3GTQCZ
B0CJY4BMMD,Lusead,Men's 4-Way Stretch Dress Shirts Long Sleeve Wrinkle Free Slim Fit Business Casual Button Down Shirts for Men,61.79,New season,4.4,https://m.media-amazon.com/images/I/61hSY+jZ1mL._AC_UL320_.jpg,https://www.amazon.ae/dp/B0CJY4BMMD
B07CGZ1F7K,VSUDO,"2 Pairs Waxed Round Dress Shoelaces, 1/8"" Thin Formal Business Oxford Shoe Lace for Men or Women’s Chukka/Desert Boots",48.35,New season,4.5,https://m.media-amazon.com/images/I/61Qv19V0M+L._AC_UL320_.jpg,https://www.amazon.ae/dp/B07CGZ1F7K
B0CTMXVRNL,TAGAS,"KD-1122, baby-girls, DRESS",36.0,New season,4.3,https://m.media-amazon.com/images/I/615DKAFkUhL._AC_UL320_.jpg,https://www.amazon.ae/dp/B0CTMXVRNL
B0BQRMFNTW,TINGRISE,Women's Flats Shoes Pointed Toe Knit Ballet Comfortable Dressy Slip On Flat,145.0,New season,4.4,https://m.media-amazon.com/images/I/71w6A2cTkQL._AC_UL320_.jpg,https://www.amazon.ae/dp/B0BQRMFNTW
B07DPDB792,Kenneth Cole,Kenneth Cole Men's Unlisted Dress Shirt Solid,36.99,New season,4.3,https://m.media-amazon.com/images/I/71408OKMAML._AC_UL320_.jpg,https://www.amazon.ae/dp/B07DPDB79
B07DPLMC8Z,Van Heusen,mens Pinpoint Regular Fit Stripe Button Down Collar Dress Shirt Dress Shirt,84.0,New season,4.4,https://m.media-amazon.com/images/I/51LgcQhbYvL._AC_UL320_.jpg,https://www.amazon.ae/dp/B07DPLMC8Z
B0C84Q7RTQ,EOUOSS,Men’s Muscle Fit Dress Shirts Athletic Slim Fit Long Sleeve Stretch Casual Button Down Shirt,43.5,New season,4.2,https://m.media-amazon.com/images/I/51I95yD+s3L._AC_UL320_.jpg,https://www.amazon.ae/dp/B0C84Q7RTQ
B0BK11BV64,OLEVS,Watch for Men Diamond Business Dress Analog Quartz Stainless Steel Waterproof Luminous Date Two Tone Luxury Casual Wrist Watch,75.0,Most-Loved Fashion,4.2,https://m.media-amazon.com/images/I/71WiaSMDiGL._AC_UL320_.jpg,https://www.amazon.ae/dp/B0BK11BV64
B0B8Y5BBX7,Bsubseach,Turkish Cold Shoulder Kaftan Dresses Swimsuit Cover Up Maxi Dress,89.99,Most-Loved Fashion,4.2,https://m.media-amazon.com/images/I/51Zj1HfMlsL._AC_UL320_.jpg,https://www.amazon.ae/dp/B0B8Y5BBX7
B07QMY9VGJ,Moulet,"56 Collar Stays for Men's Dress Shirts - Premium Dress Shirt Collar Inserts, 4 Sizes",114.26,Most-Loved Fashion,4.7,https://m.media-amazon.com/images/I/71liIDi5jVL._AC_UL320_.jpg,https://www.amazon.ae/dp/B07QMY9VGJ
B09JFV7HHY,J.VER,"Men's Dress Shirts Solid Long Sleeve Stretch Wrinkle-Free Formal Shirt Business Button Down Shirts sage Green Large, Sage Green, L",89.0,Most-Loved Fashion,4.5,https://m.media-amazon.com/images/I/51rkKPruYvL._AC_UL320_.jpg,https://www.amazon.ae/dp/B09JFV7HHY
B07DPLMC8Z,Van Heusen,mens Pinpoint Regular Fit Stripe Button Down Collar Dress Shirt Dress Shirt,84.0,Most-Loved Fashion,4.4,https://m.media-amazon.com/images/I/51LgcQhbYvL._AC_UL320_.jpg,https://www.amazon.ae/dp/B07DPLMC8Z
B07VGBS8GV,SHEKINI,Women's One Piece Ruffle Swimsuit Tie Knot Front Ruched Vintage Swimdress,36.92,Most-Loved Fashion,4.4,https://m.media-amazon.com/images/I/61Pe1yT0u2L._AC_UL320_.jpg,https://www.amazon.ae/dp/B07VGBS8GV
B017YKW1PU,ShineGlitz,"Shawls and Wraps for Evening Dresses, Women's Dressy Evening Wear",24.0,Most-Loved Fashion,4.3,https://m.media-amazon.com/images/I/71A76iFmueL._AC_UL320_.jpg,https://www.amazon.ae/dp/B017YKW1PU
B09XTZZPHD,Milorde,"Men's Genuine Leather Dress Belt, Handmade, 100% Cow Leather, Fashion & Classic Designs for Work Business and Casual",85.0,Most-Loved Fashion,4.5,https://m.media-amazon.com/images/I/81ZR4pIEwgL._AC_UL320_.jpg,https://www.amazon.ae/dp/B09XTZZPHD
B073PV48QB,oxiuly,womens V-neck Cap Sleeve Floral Stretchy Swing Dress Classic,188.36,Most-Loved Fashion,4.2,https://m.media-amazon.com/images/I/8122BkXlxZL._AC_UL320_.jpg,https://www.amazon.ae/dp/B073PV48QB
B0C281CNVY,Bsubseach,Women Swimsuit Coverup Blouse Button Down Shirt Dresses Swiss Dot Tops,47.99,Most-Loved Fashion,4.2,https://m.media-amazon.com/images/I/61U9JEgPqgL._AC_UL320_.jpg,https://www.amazon.ae/dp/B0C281CNVY
B0CJ92GM1N,HONEY BEAR,5 Pairs Silk Bow Cufflinks for Men/Women Shirt/Dresses with Box,35.95,Most-Loved Fashion,4.4,https://m.media-amazon.com/images/I/7124Q2xaaBL._AC_UL320_.jpg,https://www.amazon.ae/dp/B0CJ92GM1N
B079J9QGGJ,Perry Ellis,Portfolio Men's Amigo Dress Belt,103.0,Most-Loved Fashion,4.5,https://m.media-amazon.com/images/I/61-ViErr2dL._AC_UL320_.jpg,https://www.amazon.ae/dp/B079J9QGGJ
B08149YK5Z,GORLYA,Girl's Elegant Halter Neck Floral Lace Hi-Lo Flower Girl Birthday Party Dress for 4-14T Kids,67.99,Most-Loved Fashion,4.6,https://m.media-amazon.com/images/I/61HUx6pR1IL._AC_UL320_.jpg,https://www.amazon.ae/dp/B08149YK5Z
B0007TQ9PY,Dockers,Gordon Men’s Leather Oxford Dress Shoe,116.69,Most-Loved Fashion,4.4,https://m.media-amazon.com/images/I/51bt2lf5PpL._AC_UL320_.jpg,https://www.amazon.ae/dp/B0007TQ9PY
B07SMS2YB6,Bsubseach,Casual Beach Shirt Tunic Dress with Pockets for Women Button Down Half Sleeve Swimsuit Cover Up,73.99,Most-Loved Fashion,4.1,https://m.media-amazon.com/images/I/51SLF5gFcFL._AC_UL320_.jpg,https://www.amazon.ae/dp/B07SMS2YB6
B0BPBBDM47,Zitahli,"Belt Men,Zitahli Ratchet Belt Dress with 1 3/8"" Premium Leather,Slide Belt with Easier Adjustable Automatic Buckle",178.36,Most-Loved Fashion,4.7,https://m.media-amazon.com/images/I/91q9KSN9mGL._AC_UL320_.jpg,https://www.amazon.ae/dp/B0BPBBDM47
B071S5LPNC,Minibee,womens Ethnic Dress Maxi Dresses Casual Long Dresses,226.0,Most-Loved Fashion,4.2,https://m.media-amazon.com/images/I/61UN7JoWnIL._AC_UL320_.jpg,https://www.amazon.ae/dp/B071S5LPNC
B07H4ZMTML,Fossil,Women's Modern Courier Stainless Steel Chronograph Dress Quartz Watch,433.0,Most-Loved Fashion,4.5,https://m.media-amazon.com/images/I/619uG4OdXRL._AC_UL320_.jpg,https://www.amazon.ae/dp/B07H4ZMTML
B09KPMNZHV,AIMES,Watch Wristwatch for Men Fashion Casual Cool Big Dial Watch Luminous Waterproof Sport Analog Quartz Business Mens Watches Silicon Strap Dress Watch,157.97,Most-Loved Fashion,4.2,https://m.media-amazon.com/images/I/61uIx-pWGSL._AC_UL320_.jpg,https://www.amazon.ae/dp/B09KPMNZHV
B08T1Z2MQC,Summienlink,Women's Full Slip for Under Dresses Sexy Long Sleeveless Nightgown Cami Dress,79.99,Most-Loved Fashion,4.6,https://m.media-amazon.com/images/I/61qu3bK1WNL._AC_UL320_.jpg,https://www.amazon.ae/dp/B08T1Z2MQC
B07TT3VCVM,MELERIO,"Women's Anti-Chafing Boy Shorts, Seamless Slip Shorts, Mid-Thigh Length, Ideal for Under Dresses & Skirts, White, XL",84.99,Most-Loved Fashion,4.4,https://m.media-amazon.com/images/I/71Rcnf9vN4L._AC_UL320_.jpg,https://www.amazon.ae/dp/B07TT3VCVM
B09F5T46TN,Zilcremo,Women Denim Shirt Dresses Long Sleeve Distressed Jean Dress Button Down Casual Tunic Top,187.35,Most-Loved Fashion,4.1,https://m.media-amazon.com/images/I/71C4RATL05L._AC_UL320_.jpg,https://www.amazon.ae/dp/B09F5T46TN
B09923QF8X,SHEKINI,Women's One Piece Skirt Swimsuit Ruched Retro Swimdress Bathing Suit,261.0,Most-Loved Fashion,4.4,https://m.media-amazon.com/images/I/61xF+cxozPL._AC_UL320_.jpg,https://www.amazon.ae/dp/B09923QF8X
B071RD17Z3,Original Kimono,Women Soft Long Robes Modal Wrap Dressing Gown Lightweight Kimonos Robe Full Length Knit Bathrobe With Pockets,139.0,Most-Loved Fashion,4.3,https://m.media-amazon.com/images/I/61P5YYZ-sdL._AC_UL320_.jpg,https://www.amazon.ae/dp/B071RD17Z3
B08JGDL75H,Dress Cici,Nursing Bra Feeding Bra Sleep Bra Breastfeeding Bra (2 PCS),39.99,Most-Loved Fashion,4.1,https://m.media-amazon.com/images/I/61nwVYORGBL._AC_UL320_.jpg,https://www.amazon.ae/dp/B08JGDL75H
B085Q68SQW,ALDO,womens Andressera ALDO Women's Andressera Cross-body Bags,292.0,Most-Loved Fashion,4.4,https://m.media-amazon.com/images/I/61aHeJCO97L._AC_UL320_.jpg,https://www.amazon.ae/dp/B085Q68SQW
B07H86MW2B,Jetec,"3 Pcs Vintage Dress Cinch Clips Shirt Clips Sweater Cardigan Shawl Clips for Women Brooch Clips, 3 Style",48.22,Most-Loved Fashion,4.2,https://m.media-amazon.com/images/I/81qGUgAS5IL._AC_UL320_.jpg,https://www.amazon.ae/dp/B07H86MW2B
B00786VYGS,Armani Exchange,Armani Exchange AX Men's Stainless Steel Quartz Dress Watch,409.0,Most-Loved Fashion,4.4,https://m.media-amazon.com/images/I/611U2S5m7wL._AC_UL320_.jpg,https://www.amazon.ae/dp/B00786VYGS
B0735XZW28,Van Heusen,mens 505M128 Dress Pants (pack of 1),113.0,Most-Loved Fashion,4.4,https://m.media-amazon.com/images/I/71Vuqk6DsJL._AC_UL320_.jpg,https://www.amazon.ae/dp/B0735XZW28
B07XHRRXP9,SATINIOR,2/3/4 Pack Women Elastic Stretch Belt Invisible Belts with Flat Buckle for Jeans Pants Dresses,30.0,Most-Loved Fashion,4.3,https://m.media-amazon.com/images/I/91psN9HztDL._AC_UL320_.jpg,https://www.amazon.ae/dp/B07XHRRXP9
B078V5PQXM,Bsubseach,Kaftan Dresses for Women Swimsuit Cover Up Plus Size Caftan Loungewear Beach Coverup,38.99,Most-Loved Fashion,4.1,https://m.media-amazon.com/images/I/7107IejR8LL._AC_UL320_.jpg,https://www.amazon.ae/dp/B078V5PQXM
B088R7SSQF,Trary,Women’s High Heel Dress Pump Pointed Toe Shoe Classic Office Special Dressy Casual,186.59,Most-Loved Fashion,4.1,https://m.media-amazon.com/images/I/71ieW0mtJlL._AC_UL320_.jpg,https://www.amazon.ae/dp/B088R7SSQF
B07PJ3N8X6,BOOPH,Girls Dance Shorts Breathable Bike Shorts for Sports Play Underdress 2-10Y,69.51,Most-Loved Fashion,4.1,https://m.media-amazon.com/images/I/71NH3KAQxbL._AC_UL320_.jpg,https://www.amazon.ae/dp/B07PJ3N8X6
B0792QMF6V,WULFUL,Men’s Slim Fit Suit One Button 3-Piece Blazer Dress Business Wedding Party Jacket Vest & Pant,318.61,Most-Loved Fashion,4.2,https://m.media-amazon.com/images/I/61hV5GfKiYL._AC_UL320_.jpg,https://www.amazon.ae/dp/B0792QMF6V
B01M5K6VP0,Belts.com,"Reversible Belt Strap Replacement Genuine Leather Dress Belt Strap, 1-1/8"", 1-1/4"", 1-3/8"" Wide",71.17,Most-Loved Fashion,4.0,https://m.media-amazon.com/images/I/71rX2ZliZ1L._AC_UL320_.jpg,https://www.amazon.ae/dp/B01M5K6VP
B000GC9EQ8,Deer Stags,Gabe Lace-Up Dress Shoe (Toddler/Little Kid/Big,,Most-Loved Fashion,4.4,https://m.media-amazon.com/images/I/71ObHaSyLyL._AC_UL320_.jpg,https://www.amazon.ae/dp/B000GC9EQ8
B0BWXD5FNK,styleville.in,"Styleville,Housemaid Uniform, Maid & Nanny Dress set",49.0,Made for Amazon,3.9,https://m.media-amazon.com/images/I/61vGUauGZuL._AC_UL320_.jpg,https://www.amazon.ae/dp/B0BWXD5FNK
B0CGR8L5KW,styleville.in,"Housemaid Uniform, Maid & Nanny Dress set",44.0,Made for Amazon,3.9,https://m.media-amazon.com/images/I/61MOoBPG61L._AC_UL320_.jpg,https://www.amazon.ae/dp/B0CGR8L5KW
B09DGS4YNP,styleville.in,Women's Polyester Fit and Flare Maxi Casual Dress,21.9,Made for Amazon,5.0,https://m.media-amazon.com/images/I/917UR5coNEL._AC_UL320_.jpg,https://www.amazon.ae/dp/B09DGS4YNP
B0BPGKV6V2,MISS OLIVE,Women's Relaxed Fit Maxi Georgette Dress (MOSS23D31),46.5,Made for Amazon,3.5,https://m.media-amazon.com/images/I/81D58czxRPL._AC_UL320_.jpg,https://www.amazon.ae/dp/B0BPGKV6V
B0BWXGDGB8,styleville.in,"Styleville,Long Flare Solid Maxi Dress",54.0,Made for Amazon,4.3,https://m.media-amazon.com/images/I/51NDIAZYnAL._AC_UL320_.jpg,https://www.amazon.ae/dp/B0BWXGDGB8
B0842HK974,MISS OLIVE,Women's Polyester Bodycon Dress (MOSS20D14-43-62),20.26,Made for Amazon,4.3,https://m.media-amazon.com/images/I/71DLSOcG6MS._AC_UL320_.jpg,https://www.amazon.ae/dp/B0842HK974
B083FWN77H,Amazon Brand - Myx,Women's Printed A-Line Half sleeves Kurta Dress (SS20MYXCORE01),34.29,Made for Amazon,4.0,https://m.media-amazon.com/images/I/81aw2VaQXOL._AC_UL320_.jpg,https://www.amazon.ae/dp/B083FWN77H
B09G6ZS54Y,MISS OLIVE,Cotton Women's Round Neck 3/4 Sleeve Solid Shift Mini Dress,37.0,Made for Amazon,4.2,https://m.media-amazon.com/images/I/61tT1gCNSoL._AC_UL320_.jpg,https://www.amazon.ae/dp/B09G6ZS54Y
B097N5TVNR,styleville.in,Polyester Fit and Flare Casual Dress,54.0,Made for Amazon,3.6,https://m.media-amazon.com/images/I/61+g6G+2cdL._AC_UL320_.jpg,https://www.amazon.ae/dp/B097N5TVNR
B09G72SQRX,MISS OLIVE,Women Body Con Knee-Long Dress,29.0,Made for Amazon,4.1,https://m.media-amazon.com/images/I/61VyG1l+NJL._AC_UL320_.jpg,https://www.amazon.ae/dp/B09G72SQRX
B0BD51DY7Q,MISS OLIVE,Miss OliveWomen's Solid Round Neck Half Sleeve Mini Skater Dress(MOSS17D07-54),26.75,Made for Amazon,3.4,https://m.media-amazon.com/images/I/71cqoTis6SL._AC_UL320_.jpg,https://www.amazon.ae/dp/B0BD51DY7Q
B09XXCCVJ8,MISS OLIVE,Women's Solid Bodycon V-Neck Half Sleeve Slim Fit Knee-Long Dress (MOSS22D16),29.71,Made for Amazon,3.5,https://m.media-amazon.com/images/I/71y-9pCCPNL._AC_UL320_.jpg,https://www.amazon.ae/dp/B09XXCCVJ8
B0BPHC4FN6,MISS OLIVE,Women's Relaxed Fit Knee Length Premium Polyester Dress (MOSS23D31-37-254),29.78,Made for Amazon,3.6,https://m.media-amazon.com/images/I/71KT83hU4lL._AC_UL320_.jpg,https://www.amazon.ae/dp/B0BPHC4FN6
B083FWMLDR,Amazon Brand - Myx,Women's Cotton Screen Print Relaxed Fit Kurta Dress (SS20MYXCORE02),19.53,Made for Amazon,3.6,https://m.media-amazon.com/images/I/814fLuv+XIL._AC_UL320_.jpg,https://www.amazon.ae/dp/B083FWMLDR
B0C73RS4BQ,MISS OLIVE,Women's Bodycon Mini Dress,34.0,Made for Amazon,3.7,https://m.media-amazon.com/images/I/71qm7uTAa0L._AC_UL320_.jpg,https://www.amazon.ae/dp/B0C73RS4BQ
B07LB8BFCK,styleville.in,Synthetic a-line Dress,44.91,Made for Amazon,4.0,https://m.media-amazon.com/images/I/81bJ1lL6w-L._AC_UL320_.jpg,https://www.amazon.ae/dp/B07LB8BFCK
B096VXKPMY,HammerSmith,Men's Structure Regular Dress Shirt,51.13,Made for Amazon,3.2,https://m.media-amazon.com/images/I/71+UoCJxLeS._AC_UL320_.jpg,https://www.amazon.ae/dp/B096VXKPMY
B08JJ2SC6Q,Centrino,Formal & Dress-Men's Shoes,52.0,Made for Amazon,3.7,https://m.media-amazon.com/images/I/71HHqIgz-zL._AC_UL320_.jpg,https://www.amazon.ae/dp/B08JJ2SC6Q
B0BN7RSSYN,MISS OLIVE,Women's Round Neck Sleeveless Solid Ruffled Midi Dress (MOAW19D08),44.98,Made for Amazon,2.0,https://m.media-amazon.com/images/I/81f0pHP+YSL._AC_UL320_.jpg,https://www.amazon.ae/dp/B0BN7RSSYN
B09G72JW2Y,MISS OLIVE,Women's Cotton Hooded Knee-Length Dress,39.0,Made for Amazon,3.6,https://m.media-amazon.com/images/I/61kmEQqsy4L._AC_UL320_.jpg,https://www.amazon.ae/dp/B09G72JW2Y
B09965NXD7,KRAVE,Crepe Fit Flare Casual Dress,32.06,Made for Amazon,4.2,https://m.media-amazon.com/images/I/815QzuPAydL._AC_UL320_.jpg,https://www.amazon.ae/dp/B09965NXD7
B0BWXGYCWK,styleville.in,"Styleville,Red Big Floral Line Printed Mini Dress",39.0,Made for Amazon,3.6,https://m.media-amazon.com/images/I/71SKb+YRaaL._AC_UL320_.jpg,https://www.amazon.ae/dp/B0BWXGYCWK
B0BD527HS2,MISS OLIVE,Miss OliveWomen's Round Neck Sleeveless Solid Mini Bodycon Dress(MOPW16D05-79),26.39,Made for Amazon,3.4,https://m.media-amazon.com/images/I/81i2MfmdI7L._AC_UL320_.jpg,https://www.amazon.ae/dp/B0BD527HS
B099669T7Y,KRAVE,Crepe Fit and Flare Casual Dress,19.4,Made for Amazon,3.7,https://m.media-amazon.com/images/I/71+TIwrepfL._AC_UL320_.jpg,https://www.amazon.ae/dp/B099669T7Y
B09XX8L3DG,MISS OLIVE,Women's Solid V-Neck Half Sleeve Relaxed Fit Knee-Long Dress (MOSS22D14-97-62-05),33.0,Made for Amazon,4.3,https://m.media-amazon.com/images/I/71c7c+FU+bL._AC_UL320_.jpg,https://www.amazon.ae/dp/B09XX8L3DG
B0BHX6WWFR,styleville.in,womens Dress,39.42,Made for Amazon,3.9,https://m.media-amazon.com/images/I/81f06tmKvJL._AC_UL320_.jpg,https://www.amazon.ae/dp/B0BHX6WWFR
B0CCJFSXX9,styleville.in,Printed Causal Maxi Dress For Women,28.5,Made for Amazon,4.1,https://m.media-amazon.com/images/I/71txzO5-eZL._AC_UL320_.jpg,https://www.amazon.ae/dp/B0CCJFSXX9
B09G727TDV,MISS OLIVE,Women's Crepe Maxi Dress,46.63,Made for Amazon,4.2,https://m.media-amazon.com/images/I/61fKurrZivL._AC_UL320_.jpg,https://www.amazon.ae/dp/B09G727TDV
B0BD56DP81,MISS OLIVE,Women's Solid Full Sleeve Round Neck Mini Skater Dresses (MOAW14D02-62),30.17,Made for Amazon,4.4,https://m.media-amazon.com/images/I/61k0WAsc6uL._AC_UL320_.jpg,https://www.amazon.ae/dp/B0BD56DP8
B083FW56Q4,Amazon Brand - Myx,Women's Printed A-Line Half sleeves Kurta Dress (SS20MYXCORE25),19.59,Made for Amazon,3.6,https://m.media-amazon.com/images/I/81wLX6LV1RL._AC_UL320_.jpg,https://www.amazon.ae/dp/B083FW56Q4
B09G71LYX3,MISS OLIVE,Women's Cotton Shift Mini Dress,42.14,Made for Amazon,3.8,https://m.media-amazon.com/images/I/81Vfpai4QvL._AC_UL320_.jpg,https://www.amazon.ae/dp/B09G71LYX3
B0842JB5TK,MISS OLIVE,Women's Polyester Skater Dress (MOSS19D13-10-62),28.76,Made for Amazon,3.4,https://m.media-amazon.com/images/I/61VSkaaaTiL._AC_UL320_.jpg,https://www.amazon.ae/dp/B0842JB5TK
B09M9S8P8M,styleville.in,Women's Polyester Fit and Flare Knee-Length Casual Dress,21.63,Made for Amazon,4.4,https://m.media-amazon.com/images/I/61J+npd7NrL._AC_UL320_.jpg,https://www.amazon.ae/dp/B09M9S8P8M
B0C6PY64T8,MISS OLIVE,Women's Puff Sleeves Solid Double Breasted Knee Length Dress (MOAW21D13-38-145),16.34,Made for Amazon,3.4,https://m.media-amazon.com/images/I/71KjCIy59PL._AC_UL320_.jpg,https://www.amazon.ae/dp/B0C6PY64T8
B08JJ31RQV,Centrino,Black Formal & Dress-Men's Shoes,79.46,Made for Amazon,3.5,https://m.media-amazon.com/images/I/71Dp0x+0JYL._AC_UL320_.jpg,https://www.amazon.ae/dp/B08JJ31RQV
B09G6ZNLHX,MISS OLIVE,Womens Round Neck Floral Tie-Up Tassel Detailing Front Slit Maxi Top 3/4 Sleeve Dress,19.01,Made for Amazon,3.7,https://m.media-amazon.com/images/I/811wcFI-VnL._AC_UL320_.jpg,https://www.amazon.ae/dp/B09G6ZNLHX
B0BWXDNZ8N,styleville.in,"styleville,Long Solid Maxi Flare Dress",34.25,Made for Amazon,3.6,https://m.media-amazon.com/images/I/51DC5z0Q4ML._AC_UL320_.jpg,https://www.amazon.ae/dp/B0BWXDNZ8N
B0BCM4956G,styleville.in,Printed Mini Dress,20.81,Made for Amazon,4.4,https://m.media-amazon.com/images/I/61u2YRNkypL._AC_UL320_.jpg,https://www.amazon.ae/dp/B0BCM4956G
B09G6Z8M3J,MISS OLIVE,Women's Cotton Bodycon Midi Dress (Moss17D07-87-139),44.0,Made for Amazon,3.9,https://m.media-amazon.com/images/I/815nD5rD+uL._AC_UL320_.jpg,https://www.amazon.ae/dp/B09G6Z8M3J
B0BPYL28YJ,styleville.in,Women's Long Maxi Dress with Embellied Details,33.58,Made for Amazon,2.9,https://m.media-amazon.com/images/I/51QlqV14FSL._AC_UL320_.jpg,https://www.amazon.ae/dp/B0BPYL28YJ
B0BPYNHSDS,styleville.in,Women's Wrap Midi Dress,49.0,Made for Amazon,3.3,https://m.media-amazon.com/images/I/51DuLBx6AgL._AC_UL320_.jpg,https://www.amazon.ae/dp/B0BPYNHSDS
B09G723P4M,MISS OLIVE,Women's Crepe A-Line Maxi Dress,41.0,Made for Amazon,3.2,https://m.media-amazon.com/images/I/71wGeK+VNmL._AC_UL320_.jpg,https://www.amazon.ae/dp/B09G723P4M
B09G712LYG,MISS OLIVE,Women's Georgette Fit and Flare Maxi Dress,50.0,Made for Amazon,4.4,https://m.media-amazon.com/images/I/71af9z1AtTL._AC_UL320_.jpg,https://www.amazon.ae/dp/B09G712LYG
B097N56JQ4,styleville.in,Polyester Fit and Flare Casual Dress,49.0,Made for Amazon,3.8,https://m.media-amazon.com/images/I/61BqalGbUvL._AC_UL320_.jpg,https://www.amazon.ae/dp/B097N56JQ4
B09P19D2CM,MISS OLIVE,Women's Relaxed Dress Shirt,13.97,Made for Amazon,3.3,https://m.media-amazon.com/images/I/81RQNWnirYL._AC_UL320_.jpg,https://www.amazon.ae/dp/B09P19D2CM
B08G16K13R,Joshua Tree,Girl's Cotton Knee-Long Dresses (Pack of 3),28.7,Made for Amazon,5.0,https://m.media-amazon.com/images/I/81Pww1ZEdzS._AC_UL320_.jpg,https://www.amazon.ae/dp/B08G16K13R
B0BHX5234F,styleville.in,Printed Dress for Women,58.67,Made for Amazon,3.8,https://m.media-amazon.com/images/I/7143uM6UR4L._AC_UL320_.jpg,https://www.amazon.ae/dp/B0BHX5234F
B099666YRL,KRAVE,Crepe Wrap Casual Dress,15.71,Made for Amazon,3.8,https://m.media-amazon.com/images/I/818Dw2n6esL._AC_UL320_.jpg,https://www.amazon.ae/dp/B099666YRL
B09G73R1K8,MISS OLIVE,Women's Cotton Skater Mini Dress,25.55,Made for Amazon,4.0,https://m.media-amazon.com/images/I/41-55aMBZFL._AC_UL320_.jpg,https://www.amazon.ae/dp/B09G73R1K8
B07TCHN4ZL,Centrino,Black Formal & Dress-Men's Shoes,49.0,Made for Amazon,2.8,https://m.media-amazon.com/images/I/71Ei+sYU9kL._AC_UL320_.jpg,https://www.amazon.ae/dp/B07TCHN4ZL
B07TVNBW69,Amazon Brand - Symbol,Crepe A-Line Dress,18.25,Made for Amazon,3.7,https://m.media-amazon.com/images/I/71tlndfGoQL._AC_UL320_.jpg,https://www.amazon.ae/dp/B07TVNBW69
B09HBZ398T,MISS OLIVE,Women's Round Neck Raglan Sleeves Solid Bodycon Paneled Mini Dress (MOSS20D13-12-48),49.0,Made for Amazon,2.6,https://m.media-amazon.com/images/I/811Ui6PwrGL._AC_UL320_.jpg,https://www.amazon.ae/dp/B09HBZ398T
B09DGQSQRC,styleville.in,Women's Polyester Fit and Flare Maxi Casual Dress,38.0,Made for Amazon,4.5,https://m.media-amazon.com/images/I/71FrWSbuupL._AC_UL320_.jpg,https://www.amazon.ae/dp/B09DGQSQRC
B09G742BMB,MISS OLIVE,Women's Georgette Shift Midi Dress,46.0,Made for Amazon,3.8,https://m.media-amazon.com/images/I/81-z9o3YSyL._AC_UL320_.jpg,https://www.amazon.ae/dp/B09G742BMB
B097N5W7BQ,styleville.in,Polyester Fit and Flare Casual Dress,56.0,Made for Amazon,4.2,https://m.media-amazon.com/images/I/518ZHnDPovL._AC_UL320_.jpg,https://www.amazon.ae/dp/B097N5W7BQ
B0BPGKTX2Y,MISS OLIVE,Women's Sweetheart Solid Midi Dress (MOSS22D13-53-143-05),23.22,Made for Amazon,1.0,https://m.media-amazon.com/images/I/71FahGPMp-L._AC_UL320_.jpg,https://www.amazon.ae/dp/B0BPGKTX2Y
B094R7CWWN,HammerSmith,Men's Structure Regular Dress Shirt,27.93,Made for Amazon,3.3,https://m.media-amazon.com/images/I/71F49YNgjGS._AC_UL320_.jpg,https://www.amazon.ae/dp/B094R7CWWN
B08KG2GQNP,Indigo,by Clarks Crepe Shift Dress,39.0,Made for Amazon,3.9,https://m.media-amazon.com/images/I/71+2ZGEeQYL._AC_UL320_.jpg,https://www.amazon.ae/dp/B08KG2GQNP
B09DGRQ7LC,styleville.in,Women's Polyester Fit and Flare Maxi Casual Dress,23.55,Made for Amazon,3.3,https://m.media-amazon.com/images/I/810bY9a3ntL._AC_UL320_.jpg,https://www.amazon.ae/dp/B09DGRQ7LC
B09G6YFBP5,MISS OLIVE,Women's Cotton Bodycon Mini Dress,33.0,Made for Amazon,3.5,https://m.media-amazon.com/images/I/61bqAEGr9XL._AC_UL320_.jpg,https://www.amazon.ae/dp/B09G6YFBP
B07HR26VJZ,MISS OLIVE,Women's Skater Midi Dress,47.0,Made for Amazon,4.0,https://m.media-amazon.com/images/I/61ZS788uHlL._AC_UL320_.jpg,https://www.amazon.ae/dp/B07HR26VJZ
B0BCG1SRTK,KRAVE,Women Blue & White Striped Empire Dress,30.69,Made for Amazon,,https://m.media-amazon.com/images/I/91u8GRaDguL._AC_UL320_.jpg,https://www.amazon.ae/dp/B0BCG1SRTK
B0BD5GLC1Z,MISS OLIVE,Women's Round Neck Sleeveless Cotton Solid Cut-Out Mini Shift Dress (MOS17D09-33),20.46,Made for Amazon,3.9,https://m.media-amazon.com/images/I/71bH1AxWG9L._AC_UL320_.jpg,https://www.amazon.ae/dp/B0BD5GLC1Z
B09M9T1B1D,styleville.in,Women's Polyester Fit and Flare Knee-Length Casual Dress,27.51,Made for Amazon,5.0,https://m.media-amazon.com/images/I/61m2CPNuv1L._AC_UL320_.jpg,https://www.amazon.ae/dp/B09M9T1B1D
B0CCJHRFY4,styleville.in,Printed Causal Maxi Dress For Women,28.22,Made for Amazon,4.0,https://m.media-amazon.com/images/I/713t60vEy-L._AC_UL320_.jpg,https://www.amazon.ae/dp/B0CCJHRFY4
B07VJZNL1J,Momstory,Maternity Women's Rayon Pleated Knee-Long Dress,21.41,Made for Amazon,3.4,https://m.media-amazon.com/images/I/81DWQ16AvFL._AC_UL320_.jpg,https://www.amazon.ae/dp/B07VJZNL1J
B0BVW9HVGB,styleville.in,Midi Dress with Ruffles On Sleeve,39.86,Made for Amazon,3.0,https://m.media-amazon.com/images/I/51kTlj9GCZL._AC_UL320_.jpg,https://www.amazon.ae/dp/B0BVW9HVGB
B08LB257H9,KRAVE,Synthetic Empire Dress,18.89,Made for Amazon,3.4,https://m.media-amazon.com/images/I/81GRfC+MZOL._AC_UL320_.jpg,https://www.amazon.ae/dp/B08LB257H9
B0BCL1YDJW,styleville.in,Polka Mini Dress,32.0,Made for Amazon,3.6,https://m.media-amazon.com/images/I/616RwHKiScL._AC_UL320_.jpg,https://www.amazon.ae/dp/B0BCL1YDJW
B0BPGN8HCV,MISS OLIVE,Women's V-Neck Short Sleeve Floral Midi Dress (MOAW21D14),48.0,Made for Amazon,3.7,https://m.media-amazon.com/images/I/81-z9o3YSyL._AC_UL320_.jpg,https://www.amazon.ae/dp/B0BPGN8HCV
B097PWX76F,Momstory,Women Concealed Soft Viscose Wrap Dress With Full Sleeve (Vdrfn502193),40.46,Made for Amazon,5.0,https://m.media-amazon.com/images/I/71AKFN+a9jL._AC_UL320_.jpg,https://www.amazon.ae/dp/B097PWX76F
B09DGRTPM2,styleville.in,Women's Polyester Fit and Flare Maxi Casual Dress,39.0,Made for Amazon,4.3,https://m.media-amazon.com/images/I/71fyAJ5GsGL._AC_UL320_.jpg,https://www.amazon.ae/dp/B09DGRTPM
B097N5P9QY,styleville.in,Polyester Fit and Flare Casual Dress,23.96,Made for Amazon,4.3,https://m.media-amazon.com/images/I/61ucRtcM90L._AC_UL320_.jpg,https://www.amazon.ae/dp/B097N5P9QY
B09G6ZT8GB,MISS OLIVE,Women's Cotton Bodycon Mini Dress,28.76,Made for Amazon,1.9,https://m.media-amazon.com/images/I/71DUoWGwITL._AC_UL320_.jpg,https://www.amazon.ae/dp/B09G6ZT8GB
B09963WX1R,KRAVE,Crepe Fit and Flare Casual Dress,39.0,Made for Amazon,3.3,https://m.media-amazon.com/images/I/71Q5Qy3pnxL._AC_UL320_.jpg,https://www.amazon.ae/dp/B09963WX1R
B07ZGV5YF4,MISS OLIVE,Women's Shift Midi Dress,41.0,Made for Amazon,3.8,https://m.media-amazon.com/images/I/511jCAl5X9L._AC_UL320_.jpg,https://www.amazon.ae/dp/B07ZGV5YF4
B097N637Q2,styleville.in,Polyester Fit and Flare Casual Dress,49.62,Made for Amazon,3.5,https://m.media-amazon.com/images/I/61+rElRYAuL._AC_UL320_.jpg,https://www.amazon.ae/dp/B097N637Q
B07VBLWK5T,Centrino,Tan Formal & Dress-Men's Shoes,49.0,Made for Amazon,3.6,https://m.media-amazon.com/images/I/711VzO-e2fL._AC_UL320_.jpg,https://www.amazon.ae/dp/B07VBLWK5T
B0BCKZQ393,styleville.in,Solid Keyboard Collar Dress,21.25,Made for Amazon,2.5,https://m.media-amazon.com/images/I/61VkTMlzP8L._AC_UL320_.jpg,https://www.amazon.ae/dp/B0BCKZQ393
B0BCKXFH1M,styleville.in,V-Neck Over Lap Dress with Kimono Sleeve,30.11,Made for Amazon,3.5,https://m.media-amazon.com/images/I/51pnS7At+0L._AC_UL320_.jpg,https://www.amazon.ae/dp/B0BCKXFH1M
B099665C2V,KRAVE,Crepe Fit and Flare Casual Dress,20.02,Made for Amazon,3.3,https://m.media-amazon.com/images/I/61LRKTXXNoL._AC_UL320_.jpg,https://www.amazon.ae/dp/B099665C2V
B0BD55Y8NX,MISS OLIVE,Miss OliveWomen's Short Sleeves Round Neck Solid Mini Shift Dress(MOPF13D01-08),27.39,Made for Amazon,2.4,https://m.media-amazon.com/images/I/61+FHuYCVUL._AC_UL320_.jpg,https://www.amazon.ae/dp/B0BD55Y8NX
B0BPH95FPH,MISS OLIVE,Women's V Neckline Short Sleeve Rayon Floral Fit & Flare Midi Dress (MOSS22D16),44.0,Made for Amazon,3.6,https://m.media-amazon.com/images/I/81izKt0O2eL._AC_UL320_.jpg,https://www.amazon.ae/dp/B0BPH95FPH
B0BPH74NVG,MISS OLIVE,Women's Sleeveless Solid Bodycon Mini Dress (MOAW19D14-24-145),24.45,Made for Amazon,3.4,https://m.media-amazon.com/images/I/71PcmZ-PpqL._AC_UL320_.jpg,https://www.amazon.ae/dp/B0BPH74NVG
B09Z1STD5V,Lymio,Ditsy Floral Puff Sleeve Tie Front Dress (535),23.19,Made for Amazon,3.7,https://m.media-amazon.com/images/I/913ieyU2zwL._AC_UL320_.jpg,https://www.amazon.ae/dp/B09Z1STD5V
B07VG25J4V,KRAVE,Synthetic a-line Dress,26.51,Made for Amazon,3.9,https://m.media-amazon.com/images/I/713Gzxrd2KL._AC_UL320_.jpg,https://www.amazon.ae/dp/B07VG25J4V
B0BVW75MH5,styleville.in,Stylevile Long Maxi Dress,54.0,Made for Amazon,3.8,https://m.media-amazon.com/images/I/51-IQvUP1LL._AC_UL320_.jpg,https://www.amazon.ae/dp/B0BVW75MH
B09Z2C9SXH,Lymio,Floral Print Split Thigh Dress (530),27.0,Made for Amazon,3.5,https://m.media-amazon.com/images/I/61ewgM+oJhL._AC_UL320_.jpg,https://www.amazon.ae/dp/B09Z2C9SXH
B09DGSXG3Q,styleville.in,Women's Polyester Fit and Flare Maxi Casual Dress,37.35,Made for Amazon,3.2,https://m.media-amazon.com/images/I/71HrAzGPIvL._AC_UL320_.jpg,https://www.amazon.ae/dp/B09DGSXG3Q
B09G6Y3LT2,MISS OLIVE,Women's Georgette Fit and Flare Maxi Dress (MOAW19D08-57-102_Blue & Black_S),50.0,Made for Amazon,3.8,https://m.media-amazon.com/images/I/61FXH1TquwL._AC_UL320_.jpg,https://www.amazon.ae/dp/B09G6Y3LT
B07ZGTV6QB,MISS OLIVE,Women's Bodycon Maxi Dress,28.56,Made for Amazon,3.4,https://m.media-amazon.com/images/I/71SGIqBS7yL._AC_UL320_.jpg,https://www.amazon.ae/dp/B07ZGTV6QB
B07VK38MDL,KRAVE,Synthetic Empire Dress,22.46,Made for Amazon,3.4,https://m.media-amazon.com/images/I/71+yQU0GDYL._AC_UL320_.jpg,https://www.amazon.ae/dp/B07VK38MDL
B0BN7YWZ8S,MISS OLIVE,Women's Wine Slim Fit Knee-Long Polyester Dress,27.82,Made for Amazon,3.6,https://m.media-amazon.com/images/I/71D1nAiP1oL._AC_UL320_.jpg,https://www.amazon.ae/dp/B0BN7YWZ8S
B0CCJD37G6,styleville.in,"Solid Casual Maxi Dress For Women Black, L",41.27,Made for Amazon,2.4,https://m.media-amazon.com/images/I/51hOuDdXIdL._AC_UL320_.jpg,https://www.amazon.ae/dp/B0CCJD37G6
B09G6YRXV2,MISS OLIVE,Women's Bodycon Knee-Length Dress,27.0,Made for Amazon,4.0,https://m.media-amazon.com/images/I/81grmje9jiL._AC_UL320_.jpg,https://www.amazon.ae/dp/B09G6YRXV
B0842HW5BZ,MISS OLIVE,Women's Polyester Bodycon Dress (MOSS20D04-38-62),26.0,Made for Amazon,3.2,https://m.media-amazon.com/images/I/71VkIFoG0-L._AC_UL320_.jpg,https://www.amazon.ae/dp/B0842HW5BZ
B0BR3DJXF8,MISS OLIVE,Women's Relaxed Fit Mini Premium Polyester Dress (MOSS23D31),43.0,Made for Amazon,4.4,https://m.media-amazon.com/images/I/81dnJ0oTZzL._AC_UL320_.jpg,https://www.amazon.ae/dp/B0BR3DJXF8
B09DGSFT5D,styleville.in,Women's Polyester Fit and Flare Maxi Casual Dress,55.0,Made for Amazon,4.4,https://m.media-amazon.com/images/I/71up73d5x+L._AC_UL320_.jpg,https://www.amazon.ae/dp/B09DGSFT5D
B07VDY9M12,KRAVE,Synthetic a-line Dress,38.0,Made for Amazon,3.2,https://m.media-amazon.com/images/I/71q3H0HnfyL._AC_UL320_.jpg,https://www.amazon.ae/dp/B07VDY9M
B07T265ZW2,Momstory,Maternity Women's Rayon Skater Knee-Long Dress,37.03,Made for Amazon,2.7,https://m.media-amazon.com/images/I/91oV+MlDPUL._AC_UL320_.jpg,https://www.amazon.ae/dp/B07T265ZW
B0B256QYP8,MISS OLIVE,Women's Cotton Shift Mini Dress,23.3,Made for Amazon,3.6,https://m.media-amazon.com/images/I/71R2gpraijL._AC_UL320_.jpg,https://www.amazon.ae/dp/B0B256QYP8
B07VBLY3CZ,Momstory,Maternity Women's Rayon Pleated Maxi Dress,25.65,Made for Amazon,3.9,https://m.media-amazon.com/images/I/713BEI+8CwL._AC_UL320_.jpg,https://www.amazon.ae/dp/B07VBLY3CZ
B0842HH1KX,MISS OLIVE,Women's Polyester Bodycon Dress (MOSS20D14-35-184),29.58,Made for Amazon,3.7,https://m.media-amazon.com/images/I/81zI+89T5pL._AC_UL320_.jpg,https://www.amazon.ae/dp/B0842HH1KX
B07VTCY654,Centrino,Brown Formal & Dress-Men's Shoes,50.0,Made for Amazon,3.6,https://m.media-amazon.com/images/I/71XtyTawDPL._AC_UL320_.jpg,https://www.amazon.ae/dp/B07VTCY654
B07T89YG9D,Centrino,Formal & Dress-Men's Shoes,49.0,Made for Amazon,3.4,https://m.media-amazon.com/images/I/71YxQ3T7dpL._AC_UL320_.jpg,https://www.amazon.ae/dp/B07T89YG9D
B09G711MG1,MISS OLIVE,Women's Georgette Skater Knee-Length Dress,54.0,Made for Amazon,4.2,https://m.media-amazon.com/images/I/71TVG6WIOOS._AC_UL320_.jpg,https://www.amazon.ae/dp/B09G711MG
B09DGQFY2N,styleville.in,Women's Cotton Fit and Flare Midi Casual Dress,49.0,Made for Amazon,3.9,https://m.media-amazon.com/images/I/61CYyfASKsL._AC_UL320_.jpg,https://www.amazon.ae/dp/B09DGQFY2N
B09V2RNR1T,Amazon Brand - Symbol,Women's Bodycon Midi Dress (SYMSS22WDR603),31.0,Made for Amazon,4.1,https://m.media-amazon.com/images/I/61C91ZhnsGL._AC_UL320_.jpg,https://www.amazon.ae/dp/B09V2RNR1T
B07VXHZQFC,KRAVE,Synthetic Empire Dress,32.0,Made for Amazon,4.0,https://m.media-amazon.com/images/I/81ld6pl+wjL._AC_UL320_.jpg,https://www.amazon.ae/dp/B07VXHZQFC
B0BN7RPFK6,MISS OLIVE,Women's Sweetheart Half Sleeve Solid Bodycon Knee-Long Dress (MOSS22D13-54-23-05),50.5,Made for Amazon,5.0,https://m.media-amazon.com/images/I/71oChNQAhEL._AC_UL320_.jpg,https://www.amazon.ae/dp/B0BN7RPFK6
B09G72WRN1,MISS OLIVE,Women's Cotton A-Line Mini Dress,32.0,Made for Amazon,3.8,https://m.media-amazon.com/images/I/81Acysb5M6L._AC_UL320_.jpg,https://www.amazon.ae/dp/B09G72WRN
B097PXLXVN,Momstory,Women Concealed Zip For Easy Nursing Gathers Dress In Viscose Fabric (Vdrfn502192),67.09,Made for Amazon,2.6,https://m.media-amazon.com/images/I/71wGRDIe4wL._AC_UL320_.jpg,https://www.amazon.ae/dp/B097PXLXVN
B08WRRCQ2H,Centrino,Men's Black Uniform Dress Shoe,44.0,Made for Amazon,3.7,https://m.media-amazon.com/images/I/613+kpCuyRS._AC_UL320_.jpg,https://www.amazon.ae/dp/B08WRRCQ2H
B08KFLGKW3,Indigo,by Clarks Crepe Skater Dress,39.0,Made for Amazon,2.2,https://m.media-amazon.com/images/I/71JZ3Q6oIhS._AC_UL320_.jpg,https://www.amazon.ae/dp/B08KFLGKW3
B083FWQQXP,Amazon Brand - Myx,Women's Cotton Printed Regular Fit Kurta Dress (SS20MYXCORE01_Black Ikat_Medium,77.48,Made for Amazon,4.2,https://m.media-amazon.com/images/I/81atJArc9gL._AC_UL320_.jpg,https://www.amazon.ae/dp/B083FWQQXP
B0CJJ55P8B,KRAVE,Women Solid Black Georgette Dress,51.0,Made for Amazon,5.0,https://m.media-amazon.com/images/I/51yajz4SRrL._AC_UL320_.jpg,https://www.amazon.ae/dp/B0CJJ55P8B
B0BHXDW65X,styleville.in,Printed Dress with Short Sleeves for Women,32.27,Made for Amazon,4.2,https://m.media-amazon.com/images/I/91+blLi6FEL._AC_UL320_.jpg,https://www.amazon.ae/dp/B0BHXDW65X
B09DGSQ5PP,styleville.in,Women's Rayon Fit and Flare Maxi Casual Dress,49.0,Made for Amazon,3.6,https://m.media-amazon.com/images/I/61WftdcDetL._AC_UL320_.jpg,https://www.amazon.ae/dp/B09DGSQ5PP
B097N63533,styleville.in,Polyester Fit and Flare Casual Dress,41.6,Made for Amazon,3.7,https://m.media-amazon.com/images/I/91cj67KtknL._AC_UL320_.jpg,https://www.amazon.ae/dp/B097N63533
B0842HNL23,MISS OLIVE,Women's Polyester Shift Dress (MOSS19D14-02-183),26.25,Made for Amazon,3.6,https://m.media-amazon.com/images/I/81hzfupEDpL._AC_UL320_.jpg,https://www.amazon.ae/dp/B0842HNL23
B07VH5J62L,KRAVE,Women's Synthetic Shift Knee-Long Dress,26.02,Made for Amazon,3.6,https://m.media-amazon.com/images/I/81zC+Sg-jnL._AC_UL320_.jpg,https://www.amazon.ae/dp/B07VH5J62L
B07MPTHVDL,MISS OLIVE,Women's Crepe Pleated Maxi Dress,36.46,Made for Amazon,4.0,https://m.media-amazon.com/images/I/61m7CIWkgHL._AC_UL320_.jpg,https://www.amazon.ae/dp/B07MPTHVDL
B0CJJ4BXWB,KRAVE,Women Sea Green Floral Printed Rayon Midi Dress,33.1,Made for Amazon,,https://m.media-amazon.com/images/I/61tG-bYfkOL._AC_UL320_.jpg,https://www.amazon.ae/dp/B0CJJ4BXWB
B0BQ6MVNH1,MISS OLIVE,Women's Asymmetric Sleeveless Solid Bodycon Ruched Mini Dress (MOSS20D14),33.0,Made for Amazon,,https://m.media-amazon.com/images/I/81YTfB4w3tS._AC_UL320_.jpg,https://www.amazon.ae/dp/B0BQ6MVNH
B0BPYLL1GP,styleville.in,Women's Midi Dress with Lace,40.53,Made for Amazon,4.0,https://m.media-amazon.com/images/I/51cWj8NLf1L._AC_UL320_.jpg,https://www.amazon.ae/dp/B0BPYLL1GP
B0BN7S4JWT,MISS OLIVE,Women's Solid Asymmetric Ruffled Midi Dress (MOAW21D13-34-145),28.8,Made for Amazon,,https://m.media-amazon.com/images/I/81LwAy8sEoL._AC_UL320_.jpg,https://www.amazon.ae/dp/B0BN7S4JWT
B0BN7R7MP3,MISS OLIVE,Women's Round Neck Solid Bodycon Mini Dress (MOSS20D14-49-178-07),44.0,Made for Amazon,2.8,https://m.media-amazon.com/images/I/71ChKRNl9LL._AC_UL320_.jpg,https://www.amazon.ae/dp/B0BN7R7MP3
B0BCKZXFM5,styleville.in,womens Casual Dress,30.66,Made for Amazon,,https://m.media-amazon.com/images/I/71ro-RK8GBL._AC_UL320_.jpg,https://www.amazon.ae/dp/B0BCKZXFM
B09P19SK5M,MISS OLIVE,Women's Slim Dress Shirt,49.0,Made for Amazon,,https://m.media-amazon.com/images/I/71JzR+WwiKL._AC_UL320_.jpg,https://www.amazon.ae/dp/B09P19SK5M
B09G725ZFP,MISS OLIVE,Women's Cotton Bodycon Maxi Dress,32.14,Made for Amazon,5.0,https://m.media-amazon.com/images/I/71rgNiCbuWL._AC_UL320_.jpg,https://www.amazon.ae/dp/B09G725ZFP
B09DGTGSJQ,styleville.in,Women's Rayon Fit and Flare Midi Casual DresS,32.8,Made for Amazon,4.6,https://m.media-amazon.com/images/I/612Zjj-yEvL._AC_UL320_.jpg,https://www.amazon.ae/dp/B09DGTGSJQ
B09DGSBVJC,styleville.in,Women's Polyester Fit and Flare Maxi Casual Dress,30.16,Made for Amazon,3.6,https://m.media-amazon.com/images/I/71fyAJ5GsGL._AC_UL320_.jpg,https://www.amazon.ae/dp/B09DGSBVJC
B097PWBRS2,Momstory,Women Maternity V Neckline Dress (Mdrfn502153),23.15,Made for Amazon,1.0,https://m.media-amazon.com/images/I/718R0sAWv6L._AC_UL320_.jpg,https://www.amazon.ae/dp/B097PWBRS
B097N7CW43,styleville.in,Rayon Fit and Flare Casual Dress,52.83,Made for Amazon,3.3,https://m.media-amazon.com/images/I/714z3AVbIbL._AC_UL320_.jpg,https://www.amazon.ae/dp/B097N7CW43
B08MZY7WXP,Amazon Brand - Myx,Women's Cotton A-Line Midi Dress (PAG187),34.19,Made for Amazon,3.5,https://m.media-amazon.com/images/I/81W+sS8YagL._AC_UL320_.jpg,https://www.amazon.ae/dp/B08MZY7WXP
B083FWJZ9X,Amazon Brand - Myx,Women's Rayon Screen Print Relaxed Fit Kurta Dress (SS20MYXCORE06),59.0,Made for Amazon,4.0,https://m.media-amazon.com/images/I/81veUAXfr-L._AC_UL320_.jpg,https://www.amazon.ae/dp/B083FWJZ9X
B07W4WP37X,Momstory,Rayon Pleated Maternity Dress,37.82,Made for Amazon,3.8,https://m.media-amazon.com/images/I/91z+99Qg--L._AC_UL320_.jpg,https://www.amazon.ae/dp/B07W4WP37X
B07VBSM81J,KRAVE,Synthetic Empire Dress (Aw19Kraveally),22.47,Made for Amazon,3.5,https://m.media-amazon.com/images/I/81GHxfYKQQL._AC_UL320_.jpg,https://www.amazon.ae/dp/B07VBSM81J
B07TCHMLMX,Centrino,Black Formal & Dress-Men's Shoes,33.54,Made for Amazon,3.6,https://m.media-amazon.com/images/I/713PPi9T0nL._AC_UL320_.jpg,https://www.amazon.ae/dp/B07TCHMLMX
B07HQW5JBH,MISS OLIVE,"Women's Bodycon Maxi Dress (Wine Red, Large)",31.74,Made for Amazon,3.8,https://m.media-amazon.com/images/I/51dxfSCtWiL._AC_UL320_.jpg,https://www.amazon.ae/dp/B07HQW5JBH
B0CJJ32R19,KRAVE,Women Tan and Black Animal Printed Polyester Smart Casual Bodycon Dress,32.71,Made for Amazon,,https://m.media-amazon.com/images/I/61gMbt0BvAL._AC_UL320_.jpg,https://www.amazon.ae/dp/B0CJJ32R19
B0CJJ2KVC8,KRAVE,Women Olive Polyester Fit and Flare Casual Dress,24.08,Made for Amazon,,https://m.media-amazon.com/images/I/51zsNoOr5AL._AC_UL320_.jpg,https://www.amazon.ae/dp/B0CJJ2KVC8
B0BR5KXYZJ,MISS OLIVE,Women's Asymmetric Full Sleeves Solid Bodycon Knee-Length One Shoulder Dress (MOSS23D31-42-62),31.5,Made for Amazon,2.8,https://m.media-amazon.com/images/I/71KNzF8BrFL._AC_UL320_.jpg,https://www.amazon.ae/dp/B0BR5KXYZJ
B0BPYN3RZG,styleville.in,Women's Long Maxi Dress with Embellishment,72.78,Made for Amazon,3.1,https://m.media-amazon.com/images/I/51TpwGZgvUL._AC_UL320_.jpg,https://www.amazon.ae/dp/B0BPYN3RZG
B0BPYLJ62Q,styleville.in,Women's Long Maxi Dress with Lace,39.01,Made for Amazon,2.9,https://m.media-amazon.com/images/I/51xo1siLMuL._AC_UL320_.jpg,https://www.amazon.ae/dp/B0BPYLJ62Q
B0BPS48THR,MISS OLIVE,Women's Slim Fit Mini Premium Polyester Dress (MOSS23D31-36-163-05),20.44,Made for Amazon,,https://m.media-amazon.com/images/I/71hRzF9nCyL._AC_UL320_.jpg,https://www.amazon.ae/dp/B0BPS48THR
B0BN7SMD1F,MISS OLIVE,Women's Solid Asymmetric Sequined Knee Length Dress (MOAW21D13-29-62),61.19,Made for Amazon,,https://m.media-amazon.com/images/I/71uVr3-CMXL._AC_UL320_.jpg,https://www.amazon.ae/dp/B0BN7SMD1F
B0BHYSVGLT,styleville.in,"Printed Dress with 3/4rth Sleeve for Women,",39.66,Made for Amazon,,https://m.media-amazon.com/images/I/71127OcmAVL._AC_UL320_.jpg,https://www.amazon.ae/dp/B0BHYSVGLT
B0BHX5J567,styleville.in,Solid Dress for Women,26.93,Made for Amazon,3.8,https://m.media-amazon.com/images/I/91AjGqL4cTL._AC_UL320_.jpg,https://www.amazon.ae/dp/B0BHX5J567
B0BCLNLJMR,styleville.in,Printed Mini Dress,18.69,Made for Amazon,3.0,https://m.media-amazon.com/images/I/61eMCrOTEUL._AC_UL320_.jpg,https://www.amazon.ae/dp/B0BCLNLJMR
B0BCL2HYM2,styleville.in,Printed Sweetheart Neck Mini Dress,23.24,Made for Amazon,5.0,https://m.media-amazon.com/images/I/71QHaddUAuL._AC_UL320_.jpg,https://www.amazon.ae/dp/B0BCL2HYM
B0BCKZZ7RT,styleville.in,Square Neck Dress with Starment Sleeves,20.68,Made for Amazon,,https://m.media-amazon.com/images/I/514dm505EGL._AC_UL320_.jpg,https://www.amazon.ae/dp/B0BCKZZ7RT
B0BCKZR3ZG,styleville.in,Sweetheart Neck Dress with Statement Sleeves,22.26,Made for Amazon,5.0,https://m.media-amazon.com/images/I/51pKyrdf9FL._AC_UL320_.jpg,https://www.amazon.ae/dp/B0BCKZR3ZG
B0BCKZ861T,styleville.in,"Printed Sweetheart Neck Mini Dress,",18.59,Made for Amazon,,https://m.media-amazon.com/images/I/71QHaddUAuL._AC_UL320_.jpg,https://www.amazon.ae/dp/B0BCKZ861T
B0BCKZ55YC,styleville.in,Printed Sweetheart Neck Mini Dress,21.73,Made for Amazon,,https://m.media-amazon.com/images/I/71nw9Lq2ezL._AC_UL320_.jpg,https://www.amazon.ae/dp/B0BCKZ55YC
B0BCKWRHMT,styleville.in,Printed Maxi Dress,25.33,Made for Amazon,5.0,https://m.media-amazon.com/images/I/61VuJlbJREL._AC_UL320_.jpg,https://www.amazon.ae/dp/B0BCKWRHMT
B0BCKT5Y3T,styleville.in,Women's Cut and Sew Tassel Winter Dress,20.68,Made for Amazon,,https://m.media-amazon.com/images/I/615FcJNC88L._AC_UL320_.jpg,https://www.amazon.ae/dp/B0BCKT5Y3T
B0BCG6D3YF,KRAVE,Women Black A-Line Dress,20.49,Made for Amazon,2.3,https://m.media-amazon.com/images/I/51xtgzQPVXL._AC_UL320_.jpg,https://www.amazon.ae/dp/B0BCG6D3YF
B0B3T7SCYQ,Lymio,Women's Round Neck Half Sleeve Cotton Dress (D-557),15.86,Made for Amazon,3.4,https://m.media-amazon.com/images/I/71sXxFbOG8L._AC_UL320_.jpg,https://www.amazon.ae/dp/B0B3T7SCYQ
B0B256YBKR,MISS OLIVE,Women's Polyester Bodycon Mini Dress (MOAW15D05-21-145_Magenta_M),17.39,Made for Amazon,1.0,https://m.media-amazon.com/images/I/71FGCdbokGL._AC_UL320_.jpg,https://www.amazon.ae/dp/B0B256YBKR
B09V2SKQWP,Amazon Brand - Symbol,Women's Bodycon Maxi Dress (SYMSS22WDR604),19.36,Made for Amazon,4.0,https://m.media-amazon.com/images/I/61iwJt9wY0L._AC_UL320_.jpg,https://www.amazon.ae/dp/B09V2SKQWP
B09MDD32CJ,styleville.in,Women's Polyester Fit and Flare Midi Casual Dress,33.55,Made for Amazon,3.6,https://m.media-amazon.com/images/I/81GemL9Pt8L._AC_UL320_.jpg,https://www.amazon.ae/dp/B09MDD32CJ
B09M9RVSV7,styleville.in,Women Polyester Fit And Flare Knee-Length Casual Dress (Sdrf502464),24.55,Made for Amazon,3.8,https://m.media-amazon.com/images/I/71+kJw6+CrL._AC_UL320_.jpg,https://www.amazon.ae/dp/B09M9RVSV7
B09M9RM65N,styleville.in,Women Polyester Fit And Flare Knee-Length Casual Dress (Sdrf502469),21.89,Made for Amazon,2.8,https://m.media-amazon.com/images/I/71I7pJ1659L._AC_UL320_.jpg,https://www.amazon.ae/dp/B09M9RM65N
B09GNVJNP6,Diverse,Women Polycotton Regular Dress Shirt (DCWLF02Rc14L39-4630_Teal_M),33.52,Made for Amazon,3.9,https://m.media-amazon.com/images/I/71fhHUUFCsL._AC_UL320_.jpg,https://www.amazon.ae/dp/B09GNVJNP6
B09DGS2T9D,styleville.in,Women's Fit and Flare Midi Casual Dress,33.81,Made for Amazon,3.2,https://m.media-amazon.com/images/I/81NZmwFFfuL._AC_UL320_.jpg,https://www.amazon.ae/dp/B09DGS2T9D
B085Q68SQW,ALDO,womens Andressera ALDO Women's Andressera Cross-body Bags,292.0,Handbags,4.4,https://m.media-amazon.com/images/I/61aHeJCO97L._AC_UL320_.jpg,https://www.amazon.ae/dp/B085Q68SQW
B095XJ92P7,ALDO,womens Andressera ALDO Women's Andressera Crossbody Bag (pack of 1),194.0,Handbags,4.5,https://m.media-amazon.com/images/I/61NNyiNAZ6L._AC_UL320_.jpg,https://www.amazon.ae/dp/B095XJ92P7
B0B1CRVRST,LYLYMYKHH,"LYLYMYKHH Garment Bag 23.62 x 47.24 Inch Suit Bags for Closet Storage,Hanging Clothes Cover Bag 4 Pack with Zipper and Transparent Window,Travel Dress Bags for Gowns,Tuxedos,Coats (Black 60 * 120cm))",19.99,Luggage,3.7,https://m.media-amazon.com/images/I/61Db2Kotx-L._AC_UL320_.jpg,https://www.amazon.ae/dp/B0B1CRVRST
B0BWDZPTN7,Cestbella,"Clothes Cover 20 Packs Hanging Garment Bags, Dustproof Dress Bag with Zipper Clear Full Suit Storage Cover Plastic Clothes Organizer Protector Cloth Rail Stand for Dress Gowns Abaya Sweater 80-140CM",89.38,Luggage,4.4,https://m.media-amazon.com/images/I/61iCNLGasSL._AC_UL320_.jpg,https://www.amazon.ae/dp/B0BWDZPTN7
B0CH11CYNC,Hahamiya,"Hahamiya Travel Suit Bag, Foldable Oxford Cloth Clothes Dust Cover, Waterproof Garment Stapler Bags for Travel Home Men, Business Suit Protection, Women Dress Case",95.28,Luggage,4.7,https://m.media-amazon.com/images/I/614A3yaU0vL._AC_UL320_.jpg,https://www.amazon.ae/dp/B0CH11CYNC
B0B54NPP7H,MIXDE,"Garment Bags for Travel Hanging Suit Bags for Men Women Travel with Side Zipper and 2 Large Mesh Pockets，Can store dresses, coats, shoes/Pocket for Dresses, Coats (54-Inch Long w/Pocket)",13.26,Luggage,3.8,https://m.media-amazon.com/images/I/51yCgItOWqL._AC_UL320_.jpg,https://www.amazon.ae/dp/B0B54NPP7H
B07DPDB792,Kenneth Cole,Kenneth Cole Men's Unlisted Dress Shirt Solid,36.99,Outlet,4.3,https://m.media-amazon.com/images/I/71408OKMAML._AC_UL320_.jpg,https://www.amazon.ae/dp/B07DPDB79
B08FF2NMJ6,Van Heusen,mens Tall Fit Dress Shirt Stain Shield Stretch (Big and Tall) Dress Shirt,37.38,Outlet,4.6,https://m.media-amazon.com/images/I/81yEjHn0tML._AC_UL320_.jpg,https://www.amazon.ae/dp/B08FF2NMJ6
B06XWH6SCR,Van Heusen,Men's Poplin Regular Fit Solid Point Collar Dress Shirt,65.0,Outlet,4.4,https://m.media-amazon.com/images/I/61FCa7cFx6L._AC_UL320_.jpg,https://www.amazon.ae/dp/B06XWH6SCR
B01AJE2XHO,Bulova,"Men's Quartz Stainless Steel and Black Leather Dress Watch (Model: 96B257), One Size",837.0,Outlet,4.6,https://m.media-amazon.com/images/I/71iKp+PZR1L._AC_UL320_.jpg,https://www.amazon.ae/dp/B01AJE2XHO
B0BNH6XB68,MEROKEETY,Women's 2023 Summer Puff Sleeve Smocked Floral Dress Crewneck Lace Flowy Tiered Midi Dresses,139.96,Outlet,4.2,https://m.media-amazon.com/images/I/71+jDaMeCaL._AC_UL320_.jpg,https://www.amazon.ae/dp/B0BNH6XB68
B07HG8B7V1,Kenneth Cole,Kenneth Cole Men's Slim Fit Solid Spread Collar Dress Shirt,44.62,Outlet,4.2,https://m.media-amazon.com/images/I/814W72oaD5L._AC_UL320_.jpg,https://www.amazon.ae/dp/B07HG8B7V
B0BP2GQGR9,OLEVS,OUPINKE Men's Automatic Mechanical Watches Luxury Business Dress Self Winding Tourbillon Multifunction Calendar Date Luminous Waterproof Luxury Dress Wrist Watches,159.2,Outlet,4.1,https://m.media-amazon.com/images/I/711Zb20f0qL._AC_UL320_.jpg,https://www.amazon.ae/dp/B0BP2GQGR9
B07F3F8B25,Van Heusen,Men's Dress Shirt Regular Fit Poplin Solid,40.06,Outlet,4.5,https://m.media-amazon.com/images/I/71+fTad66EL._AC_UL320_.jpg,https://www.amazon.ae/dp/B07F3F8B
B07DPLP1DG,Van Heusen,Men's Dress Shirt Regular Fit Pinpoint Stripe Dress Shirt,229.0,Outlet,4.4,https://m.media-amazon.com/images/I/71VnmG3uZYL._AC_UL320_.jpg,https://www.amazon.ae/dp/B07DPLP1DG
B0B77ZKPZV,Seiko,"Dress Chronograph Watch - SSB415P1, Black, Black, Modern",877.5,Outlet,5.0,https://m.media-amazon.com/images/I/61r4gMvu3GL._AC_UL320_.jpg,https://www.amazon.ae/dp/B0B77ZKPZV
B09WF6CX89,Trendyol,Women's Degaje Collar Dress Dress,62.66,Outlet,4.6,https://m.media-amazon.com/images/I/51K-QxZSOpL._AC_UL320_.jpg,https://www.amazon.ae/dp/B09WF6CX89
B07DPM5VNR,Kenneth Cole,Mens Long Sleeve Dress Shirt Regular Fit Solid,72.5,Outlet,4.3,https://m.media-amazon.com/images/I/71KCaePpI2L._AC_UL320_.jpg,https://www.amazon.ae/dp/B07DPM5VNR
B07V9GV9VH,Fossil,Women's Jacqueline Stainless Steel Dress Quartz Watch One Size Rose Gold Glitz Mesh,366.94,Outlet,4.1,https://m.media-amazon.com/images/I/61vm+eeQwiL._AC_UL320_.jpg,https://www.amazon.ae/dp/B07V9GV9VH
B0BK11MD14,OLEVS,OLEVS Watch for Men Diamond Business Dress Analog Quartz Stainless Steel Waterproof Luminous Date Two Tone Luxury Casual Wrist Watch,93.01,Outlet,4.2,https://m.media-amazon.com/images/I/71KLZfpZ2BL._AC_UL320_.jpg,https://www.amazon.ae/dp/B0BK11MD14
B000TGIHR8,Florsheim,Milano mens Dress Shoe Loafer,171.88,Outlet,4.5,https://m.media-amazon.com/images/I/71u+3uiD9QL._AC_UL320_.jpg,https://www.amazon.ae/dp/B000TGIHR8
B0774W66X8,LifeStride,Parigi Pump womens Dress Pump,86.68,Outlet,4.2,https://m.media-amazon.com/images/I/61uHMr04pYL._AC_UL320_.jpg,https://www.amazon.ae/dp/B0774W66X8
B09TRLFY4B,Seiko,Dress Saphirglas Kleine Sekunde SRK047P1,738.75,Outlet,5.0,https://m.media-amazon.com/images/I/51fimM5sPGL._AC_UL320_.jpg,https://www.amazon.ae/dp/B09TRLFY4B
B07F3CYQJW,Van Heusen,Men's Poplin Regular Fit Solid Point Collar Dress Shirt,210.7,Outlet,4.3,https://m.media-amazon.com/images/I/71+fTad66EL._AC_UL320_.jpg,https://www.amazon.ae/dp/B07F3CYQJW
B009ESZFHW,Van Heusen,Men's Poplin Regular Fit Solid Point Collar Dress Shirt,187.53,Outlet,4.3,https://m.media-amazon.com/images/I/61RjucsfoKL._AC_UL320_.jpg,https://www.amazon.ae/dp/B009ESZFHW
B0CVH2Z2N8,Just Cavalli,"Dress Watch JC1L308M0095, Two Tones, Silver and Gold, Bracelet",416.0,Outlet,,https://m.media-amazon.com/images/I/718jgGkiF8L._AC_UL320_.jpg,https://www.amazon.ae/dp/B0CVH2Z2N8
B09CQ7LR49,Dress Cici,"Gym Shorts for Men, Men's Activewear Running Shorts,Drawstring Gym Shorts Men, 2 Layer Loose Athletic Shorts with 4 Pockets",45.19,Sportswear,4.0,https://m.media-amazon.com/images/I/61fhddp2pbL._AC_UL320_.jpg,https://www.amazon.ae/dp/B09CQ7LR49
B0BD8JX5N4,Dress Cici,"Low Cut Socks for Men, Premium Long-Staple Cotton (6-Pairs)",39.89,Sportswear,4.4,https://m.media-amazon.com/images/I/71UvrhLSCYL._AC_UL320_.jpg,https://www.amazon.ae/dp/B0BD8JX5N4
B0D2Q7CZGM,Dress Cici,"Cushioned Crew Socks for Men, Gym Running Low Calf Socks 2Pairs Fit EU Size 38-45",27.19,Sportswear,4.3,https://m.media-amazon.com/images/I/61nl5N+wBuL._AC_UL320_.jpg,https://www.amazon.ae/dp/B0D2Q7CZGM
B0D83ZYW5K,Dress Cici,"Polyester Basketball Shorts, Thin Mesh Fabric Sports Shorts for Men (2 Pieces)",38.99,Sportswear,2.8,https://m.media-amazon.com/images/I/6151SatPCaL._AC_UL320_.jpg,https://www.amazon.ae/dp/B0D83ZYW5K
B0D2Q5DFDZ,Dress Cici,"Cotton Crew Socks Men, Quarter Crew Socks (6 Pairs)",39.99,Sportswear,,https://m.media-amazon.com/images/I/71W1WrL+m2L._AC_UL320_.jpg,https://www.amazon.ae/dp/B0D2Q5DFDZ
B0DQP75VJN,Diamond Toe,6 Pairs Men's Premium Crew-Length Cotton Socks - Formal Dress Socks for Everyday Wear,40.49,Sportswear,5.0,https://m.media-amazon.com/images/I/81pst7AMrTL._AC_UL320_.jpg,https://www.amazon.ae/dp/B0DQP75VJN
B0D2Q48LMR,Dress Cici,"Cushioned Ankle Socks for Men, Gym Running Quarter Socks 2Pairs Fit EU Size 38-45",26.34,Sportswear,5.0,https://m.media-amazon.com/images/I/61BO1biTnOL._AC_UL320_.jpg,https://www.amazon.ae/dp/B0D2Q48LMR
B0D9VYH6CW,Dress Cici,"Men's Crew Socks, Cotton Quarter Crew Socks for Men 4 Pairs Fit EU Size 38-44",26.99,Sportswear,4.8,https://m.media-amazon.com/images/I/51N+vDlsMjL._AC_UL320_.jpg,https://www.amazon.ae/dp/B0D9VYH6CW
B0D2Q4R58Z,Dress Cici,"Men's Cotton Low Cut Socks, Everyday Low Cut Socks for Men 6 Pairs Fit EU Size 38-45",59.99,Sportswear,4.4,https://m.media-amazon.com/images/I/61vF6sYKupL._AC_UL320_.jpg,https://www.amazon.ae/dp/B0D2Q4R58Z
B0B3LSHDZ5,Dress Cici,"2 in 1 Running Shorts Reflective Strips, 5 inch 2 Layer Workout Gym Shorts for Men",41.64,Sportswear,3.2,https://m.media-amazon.com/images/I/511acdEQ-IL._AC_UL320_.jpg,https://www.amazon.ae/dp/B0B3LSHDZ
B0DBYZ4HHB,Dress Cici,"Men's Cotton Stringer Singlet, U-Neck Printed Gym Tank Tops",46.99,Sportswear,4.0,https://m.media-amazon.com/images/I/61Hxh0+f25L._AC_UL320_.jpg,https://www.amazon.ae/dp/B0DBYZ4HHB
B0CNVDWBGM,Dress Cici,"Basketball Shorts for Men with Drawstring, Side Pockets, Elastic Waistband, Side Mesh",35.99,Sportswear,3.8,https://m.media-amazon.com/images/I/611csuZ2V9L._AC_UL320_.jpg,https://www.amazon.ae/dp/B0CNVDWBGM
B0DKNTQRDG,Dress Cici,"Half Crew Cushioned Basketball Socks, Low Stretch Polycotton Quarter Athletic Sock for Men (3 Pairs)",47.59,Sportswear,,https://m.media-amazon.com/images/I/71EOMjZikWL._AC_UL320_.jpg,https://www.amazon.ae/dp/B0DKNTQRDG
B0B6B5T49P,Dress Cici,"Men’s Activewear Jogger Shorts with Zipper Pockets, Quick Dry 5 Inch Running Shorts",32.8,Sportswear,2.9,https://m.media-amazon.com/images/I/51DyZDEBRwL._AC_UL320_.jpg,https://www.amazon.ae/dp/B0B6B5T49P
B09PHK213R,Dress Cici,Workout Shorts Sports Short Men Activewear Gym Short Jogging Shorts for Men,32.68,Sportswear,3.6,https://m.media-amazon.com/images/I/41ovfzaHQUL._AC_UL320_.jpg,https://www.amazon.ae/dp/B09PHK213R
B0CC85LJF9,Dress Cici,"2 in 1 Running Shorts With Phone Pocket, Premium Quality Gym Shorts With Liner for Men,Quick Dry",51.9,Sportswear,4.2,https://m.media-amazon.com/images/I/51yY+f8MLQL._AC_UL320_.jpg,https://www.amazon.ae/dp/B0CC85LJF9
B0CBW69XJS,JACK & JONES,mens Jpstgordon Jjcloud Sweat Shorts Bex Sn Dress Shorts,28.71,Sportswear,5.0,https://m.media-amazon.com/images/I/71y4KWykwhL._AC_UL320_.jpg,https://www.amazon.ae/dp/B0CBW69XJS
B09PHKBNSC,Dress Cici,"Cotton Gym Shorts With Zipper Pockets, Sports Workout 5"" Men's Shorts With Drawstring",54.39,Sportswear,3.7,https://m.media-amazon.com/images/I/71FzGOuOy4L._AC_UL320_.jpg,https://www.amazon.ae/dp/B09PHKBNSC
B0DBZ4J2FH,Dress Cici,Men's Black Sleeveless Shirts Round Neck Workout Gym Compression Tank Top,37.39,Sportswear,3.0,https://m.media-amazon.com/images/I/51-FyhwNTaL._AC_UL320_.jpg,https://www.amazon.ae/dp/B0DBZ4J2FH
B0D83ZHNGK,Dress Cici,"Men's Camo Cargo Shorts, 100% Cotton, Multi-Pockets, Relaxed Fit, Camouflage Outdoor And Casual",41.99,Sportswear,1.5,https://m.media-amazon.com/images/I/710jpGR3n8L._AC_UL320_.jpg,https://www.amazon.ae/dp/B0D83ZHNGK
B0D9VYCGCL,Dress Cici,"Cotton Low Cut Socks, Mens Ankle Socks, Everyday Casual Liner Socks, Lightweight, Breathable 5 Set One Size Fit EU Size 40-44",47.99,Sportswear,4.0,https://m.media-amazon.com/images/I/71aw-pi7anL._AC_UL320_.jpg,https://www.amazon.ae/dp/B0D9VYCGCL
B0D9VX917Z,Dress Cici,Men's Cycling Socks Sport Calf Socks Hiking Socks 3Pairs,32.99,Sportswear,4.1,https://m.media-amazon.com/images/I/71gHrgj0zgL._AC_UL320_.jpg,https://www.amazon.ae/dp/B0D9VX917Z
B0F6CLHCBR,Dress Cici,Men's Long Sleeve Round Neck Compression Shirt - Muscle Support Workout Top,37.99,Sportswear,,https://m.media-amazon.com/images/I/61cwN6IPMjL._AC_UL320_.jpg,https://www.amazon.ae/dp/B0F6CLHCBR
B0D83W1HQH,Dress Cici,"Woven Training Shorts, Polyester 5 inch Sports Shorts with Zipper Pockets, Back Phone Pockets, Drawstring, Side Cut, Towel Tucker",43.34,Sportswear,5.0,https://m.media-amazon.com/images/I/61PkvHtSPpL._AC_UL320_.jpg,https://www.amazon.ae/dp/B0D83W1HQH
B0B6B7P6QJ,Dress Cici,"Men's Sports Shorts With Zipper Pockets, Stretchy Nylon Athletic Track Shorts With Drawstring",26.7,Sportswear,3.3,https://m.media-amazon.com/images/I/41mayPTPpjL._AC_UL320_.jpg,https://www.amazon.ae/dp/B0B6B7P6QJ
B0DKNSQDJB,Dress Cici,"Half Crew Thin Cushioned Socks for Men, 90% Cotton Quarter Sports and Winter Socks (6 Set)",27.59,Sportswear,,https://m.media-amazon.com/images/I/71kcxPZIUIL._AC_UL320_.jpg,https://www.amazon.ae/dp/B0DKNSQDJB
B0BD8HDF1H,Dress Cici,"Invisible Socks for Men with Anti Slip Gel, Cotton No Show Men's Liners Socks (6 PAIRS)",36.24,Sportswear,4.2,https://m.media-amazon.com/images/I/610bXWyFSXL._AC_UL320_.jpg,https://www.amazon.ae/dp/B0BD8HDF1H
B0D875TFDP,Dress Cici,"Men's Running Shorts With Zipper Pockets, 5 inch Track Shorts for Men",39.99,Sportswear,3.0,https://m.media-amazon.com/images/I/61rW9e9uuEL._AC_UL320_.jpg,https://www.amazon.ae/dp/B0D875TFDP
B0D83WRZ4L,Dress Cici,"Men's Sports Shorts with Slash Pockets, Comfort Terry Cloth Shorts for Sports & Casual",50.99,Sportswear,4.1,https://m.media-amazon.com/images/I/61enVUT8LWL._AC_UL320_.jpg,https://www.amazon.ae/dp/B0D83WRZ4L
B0D2Q4GWPL,Dress Cici,"Trainer Cushion Ankle Socks Mens, Athletic Sports Cushioned Low Cut Socks, Running, Gym, Hiking Liners Sock (6 Pack)",39.9,Sportswear,3.9,https://m.media-amazon.com/images/I/61r7Nii6v4L._AC_UL320_.jpg,https://www.amazon.ae/dp/B0D2Q4GWPL
B092S8CCHY,DECARSDZ,Men's Classic Dress Oxford Shoes,193.0,Shoes,4.4,https://m.media-amazon.com/images/I/617k-PREqEL._AC_UL320_.jpg,https://www.amazon.ae/dp/B092S8CCHY
B07TD24QSX,ALIPASINM,Men's Oxford Formal Comfortable Dress Shoes Genuine Leathers,349.53,Shoes,4.4,https://m.media-amazon.com/images/I/81GP+M75OmL._AC_UL320_.jpg,https://www.amazon.ae/dp/B07TD24QSX
B0F2HZBMW1,L-RUN,Mens Barefoot Dress Oxfords Shoes Breathable Business Casual Walking Shoes Comfortable Fashion Sneakers,107.99,Shoes,4.0,https://m.media-amazon.com/images/I/71dX3NC-1HL._AC_UL320_.jpg,https://www.amazon.ae/dp/B0F2HZBMW
B0DJNTXPBD,ANALEAF,Mens Casual Shoes Fashion Dress Sneakers Classic Walking Shoes,168.0,Shoes,4.5,https://m.media-amazon.com/images/I/71QVn448geL._AC_UL320_.jpg,https://www.amazon.ae/dp/B0DJNTXPBD
B0DJNNXGTV,ANALEAF,Mens Casual Shoes Fashion Dress Sneakers Lightweight Comfortable Lace-up Shoes,199.0,Shoes,4.4,https://m.media-amazon.com/images/I/71uRw1Ev69L._AC_UL320_.jpg,https://www.amazon.ae/dp/B0DJNNXGTV
B0D657SQ9R,hello basics,Men's Sneakers Classic Low Top Slip On Shoes Wide Canvas Skate Loafers Sneakers with Soft Insole Causal Dress Shoes for Men Comfortable Walking Shoes Slip on Sneakers for Men,116.69,Shoes,4.1,https://m.media-amazon.com/images/I/61HJRfMNT3L._AC_UL320_.jpg,https://www.amazon.ae/dp/B0D657SQ9R
B01M5IWT7I,Florsheim,"Men's Medfield Plain Toe Oxford Dress Shoe Cognac, 42 EU",198.67,Shoes,4.8,https://m.media-amazon.com/images/I/813+iPqHJwL._AC_UL320_.jpg,https://www.amazon.ae/dp/B01M5IWT7I
B00J46R1R6,Nunn Bush,Nelson Wing Tip Oxford Dress Casual Lace-Up mens Lace-Up,255.64,Shoes,4.4,https://m.media-amazon.com/images/I/71re-MqPPmL._AC_UL320_.jpg,https://www.amazon.ae/dp/B00J46R1R6
B0007TQ9PY,Dockers,Gordon Men’s Leather Oxford Dress Shoe,116.69,Shoes,4.4,https://m.media-amazon.com/images/I/51bt2lf5PpL._AC_UL320_.jpg,https://www.amazon.ae/dp/B0007TQ9PY
B09M5MW9JR,Nunn Bush,Centro Flex Cap Toe Oxford Dress Casual Leather Comfortable Lace Up mens Oxford,307.39,Shoes,4.2,https://m.media-amazon.com/images/I/71e1ZK+44pL._AC_UL320_.jpg,https://www.amazon.ae/dp/B09M5MW9JR
B0F4XKSHZL,ANALEAF,Mens Dress Sneakers Oxfords Comfortable Casual Shoes,187.0,Shoes,4.7,https://m.media-amazon.com/images/I/713OrEpi2dL._AC_UL320_.jpg,https://www.amazon.ae/dp/B0F4XKSHZL
B0D97PVLPT,RUFONE,Breeze Shoes for Men Oxfords Lace-Up Lightweight Casual Walking Shoes Comfortable Dress Shoes for Men Mens wearbreeze Shoes Breeze Urban Shoes for Men Men's Mesh Dress Sneakers Business Shoes,15.17,Shoes,4.2,https://m.media-amazon.com/images/I/512AIp6M4aL._AC_UL320_.jpg,https://www.amazon.ae/dp/B0D97PVLPT
B01MDTRVKP,Florsheim,"Men's Medfield Plain Toe Oxford Dress Shoe, Black, 41 EU",444.29,Shoes,4.3,https://m.media-amazon.com/images/I/81j2+aUS4UL._AC_UL320_.jpg,https://www.amazon.ae/dp/B01MDTRVKP
B0DZB9RKHK,ANALEAF,Mens Casual Shoes Fashion Sneakers Dress Oxfords Comfortable Shoes,99.0,Shoes,4.5,https://m.media-amazon.com/images/I/71f5FhWdwsL._AC_UL320_.jpg,https://www.amazon.ae/dp/B0DZB9RKHK
B0CB6FK8L9,Liberty,Deox-1e mens Uniform Dress Shoe,72.9,Shoes,4.0,https://m.media-amazon.com/images/I/51RTTAZpJyL._AC_UL320_.jpg,https://www.amazon.ae/dp/B0CB6FK8L9
B09PF2K3LF,JACK & JONES,Raymond Leather mens Dress Shoes,243.03,Shoes,4.2,https://m.media-amazon.com/images/I/518hsseLd1L._AC_UL320_.jpg,https://www.amazon.ae/dp/B09PF2K3LF
B076C3VMF2,Florsheim,Men's Medfield Bike Toe Slip Loafer Dress Shoe,118.5,Shoes,4.5,https://m.media-amazon.com/images/I/61n96+V6IwL._AC_UL320_.jpg,https://www.amazon.ae/dp/B076C3VMF
B0BK11BV64,OLEVS,Watch for Men Diamond Business Dress Analog Quartz Stainless Steel Waterproof Luminous Date Two Tone Luxury Casual Wrist Watch,75.0,Watches,4.2,https://m.media-amazon.com/images/I/71WiaSMDiGL._AC_UL320_.jpg,https://www.amazon.ae/dp/B0BK11BV64
B0DRNX3RB8,KASTWAVE,"KASTWAVE Men's Luxury Chronograph Quartz Wrist Watch, Casual Dress Black Leather Band Calendar Date Analog Formal Business Waterproof Wristwatch, Fashion Gifts Luminous Dial Watches for Men",80.91,Watches,4.6,https://m.media-amazon.com/images/I/71fRw5A8MUL._AC_UL320_.jpg,https://www.amazon.ae/dp/B0DRNX3RB8
B08TB1MF6F,Tissot,"Men's PRX 316L Stainless Steel Case Dress Watch Grey T1374101104100, Grey, Quartz Movement",1084.68,Watches,4.5,https://m.media-amazon.com/images/I/715alkKIqrL._AC_UL320_.jpg,https://www.amazon.ae/dp/B08TB1MF6F
B0FH4LP5ZW,NIBOSI,Men's Business Watches Analog Minimalism Dial Octagon Watches for Men Business Waterproof Dress Wrist Watch Black Plastic Strap,79.0,Watches,3.9,https://m.media-amazon.com/images/I/51lhXRZhyGL._AC_UL320_.jpg,https://www.amazon.ae/dp/B0FH4LP5ZW
B07XLN1PXT,Tissot,"Mens Gentleman Swiss Quartz Stainless Steel Dress Watch (Model: T1274101103100), Silver",717.3,Watches,3.9,https://m.media-amazon.com/images/I/71NQzkLz5dL._AC_UL320_.jpg,https://www.amazon.ae/dp/B07XLN1PXT
B07XTV84LB,Tissot,Mens Gentleman Stainless Steel Dress Watch Grey,792.71,Watches,4.9,https://m.media-amazon.com/images/I/6159zfzsuQL._AC_UL320_.jpg,https://www.amazon.ae/dp/B07XTV84LB
B0F62WZK1W,NIBOSI,Men's Business Watches Analog Minimalism Dial Watches for Men Business Waterproof Dress Wrist Watch With Stainless Steel Strap,118.0,Watches,4.0,https://m.media-amazon.com/images/I/71gKKIymDuL._AC_UL320_.jpg,https://www.amazon.ae/dp/B0F62WZK1W
B0DB6NHYZS,Orient,"Bambino Version 8 Weekly Calendar Automatic Dress Watch Model: RA-AK0702Y30B, Champagne",779.0,Watches,4.8,https://m.media-amazon.com/images/I/71wHQ+hDciL._AC_UL320_.jpg,https://www.amazon.ae/dp/B0DB6NHYZS
B0DB6PZYC2,Orient,"Bambino Version 8 Weekly Calendar Automatic Dress Watch Model: RA-AK0701S30B, White",755.0,Watches,4.9,https://m.media-amazon.com/images/I/71qHiF9Q-ZL._AC_UL320_.jpg,https://www.amazon.ae/dp/B0DB6PZYC
B0DB6NY1KY,Orient,Dress Watch FAG02004B0,617.0,Watches,5.0,https://m.media-amazon.com/images/I/71fZ9SQ+eGL._AC_UL320_.jpg,https://www.amazon.ae/dp/B0DB6NY1KY
B094YLBC2F,Tissot,"Men's PRX Swiss Automatic Dress Watch with Stainless Steel Strap, Grey, 12 (Model: T1374071104100), Grey",1952.42,Watches,4.6,https://m.media-amazon.com/images/I/81+HC9V8sJL._AC_UL320_.jpg,https://www.amazon.ae/dp/B094YLBC2F
B0BFXP6K7C,Fossil,"Men's Everett Stainless Steel Dress Quartz Chronograph Watch, 18 mm - Everett Chronograph Stainless Steel Watch - FS5879",,Watches,4.2,https://m.media-amazon.com/images/I/51V0nR7HkpL._AC_UL320_.jpg,https://www.amazon.ae/dp/B0BFXP6K7C
B000VH1BQY,Casio,Dress Watch Analog-Digital Display for Men MTP-1215A-2A2,115.0,Watches,4.2,https://m.media-amazon.com/images/I/61vENGohn+L._AC_UL320_.jpg,https://www.amazon.ae/dp/B000VH1BQY
B0F997VPR1,NIBOSI,Women's Watch Analog Quartz Waterproof Diamond Wrist Watches with Day-Date Fashion Luxury Stainless Steel Watch for Small Wrists Female Designer Elegant Dress Watches for Women,118.0,Watches,4.1,https://m.media-amazon.com/images/I/61PjkKekHDL._AC_UL320_.jpg,https://www.amazon.ae/dp/B0F997VPR
B08YWZPXXX,Fossil,"Men's Everett Stainless Steel Dress Quartz Chronograph Watch, Silver/Blue,",,Watches,4.3,https://m.media-amazon.com/images/I/81fYn27bkiS._AC_UL320_.jpg,https://www.amazon.ae/dp/B08YWZPXXX
B0DBQ1RTMZ,Aputue,"Men's Wrist Watch, Men's Stainless Steel Watch, 30M Waterproof Luxury Watches, Casual Business Watches Men, Calendar Multifunction Wrist Watch, Numerals Dial Dress Watch for Men",37.58,Watches,5.0,https://m.media-amazon.com/images/I/61wkI-nNLaL._AC_UL320_.jpg,https://www.amazon.ae/dp/B0DBQ1RTMZ
B0C788664V,Seiko,"Dress Chronograph Men's Watch SSB429P1, Silver",659.69,Watches,4.6,https://m.media-amazon.com/images/I/61tNY0luVNL._AC_UL320_.jpg,https://www.amazon.ae/dp/B0C788664V
B0DMP3QSQR,Azonee,"Azonee Mens Watches for Men, Casual Chronograph Watch, Waterproof Sport Style with Analog Quartz Movement, Stylish Luxury Dress Wrist Watch, Elegant Gift Watch for Men",119.9,Watches,,https://m.media-amazon.com/images/I/515uGVuStAL._AC_UL320_.jpg,https://www.amazon.ae/dp/B0DMP3QSQR
B07WZHJF1K,CURREN,"Mens Leather Strap Watches Classic Casual Dress Stainless Steel Waterproof Chronograph Date Analog Quartz Watch, Silver/white, sports",,Watches,4.3,https://m.media-amazon.com/images/I/61JmCHxKOuL._AC_UL320_.jpg,https://www.amazon.ae/dp/B07WZHJF1K
B094YRGMYG,Tissot,"Men's PRX Swiss Automatic Dress Watch with Stainless Steel Strap, Grey, 12 (Model: T1374071105100), Grey",1977.28,Watches,4.1,https://m.media-amazon.com/images/I/71C8zregtvL._AC_UL320_.jpg,https://www.amazon.ae/dp/B094YRGMYG
B0CDP157F4,TISSOT,"PRX Powermatic 80 Swiss Automatic Dress with Stainless Steel Men's Watch T137.407.11.351.00, Modern",2296.97,Watches,4.7,https://m.media-amazon.com/images/I/81PIjPSYdaL._AC_UL320_.jpg,https://www.amazon.ae/dp/B0CDP157F4
B07XYX2R37,Fossil,Men's Garrett Stainless Steel Quartz Dress Chronograph Watch,298.78,Watches,4.5,https://m.media-amazon.com/images/I/81eRCznIosL._AC_UL320_.jpg,https://www.amazon.ae/dp/B07XYX2R37
B07N7BJJLV,Casio,"His and Her Couple Analog, Dress Watch - MTP/LTP-1314D-1AV",234.0,Watches,4.4,https://m.media-amazon.com/images/I/91wBrRYxopL._AC_UL320_.jpg,https://www.amazon.ae/dp/B07N7BJJLV
B0BH4HC7ZT,OLEVS,"Diamond Watches for Men,Business Dress Watch Waterproof Luminous,Male Golden Big Dial Luxury Casual Quartz Analog Watches with Day Date Calendar and Stainless Steel Band",111.2,Watches,4.2,https://m.media-amazon.com/images/I/61mWYwl+WFL._AC_UL320_.jpg,https://www.amazon.ae/dp/B0BH4HC7ZT
B07XLN21H6,Tissot,Mens Gentleman Stainless Steel Dress Watch Grey,1067.55,Watches,4.4,https://m.media-amazon.com/images/I/61oOtOCPJZL._AC_UL320_.jpg,https://www.amazon.ae/dp/B07XLN21H6
B09KPMNZHV,AIMES,Watch Wristwatch for Men Fashion Casual Cool Big Dial Watch Luminous Waterproof Sport Analog Quartz Business Mens Watches Silicon Strap Dress Watch,157.99,Watches,4.2,https://m.media-amazon.com/images/I/61uIx-pWGSL._AC_UL320_.jpg,https://www.amazon.ae/dp/B09KPMNZHV
B01AJE2XHO,Bulova,"Men's Quartz Stainless Steel and Black Leather Dress Watch (Model: 96B257), One Size",837.0,Watches,4.6,https://m.media-amazon.com/images/I/71iKp+PZR1L._AC_UL320_.jpg,https://www.amazon.ae/dp/B01AJE2XHO
B0DJDMG7GY,Orient,Orient Bambino Version 7 Stainless Steel Unisex Automatic Dress Watch,906.41,Watches,4.3,https://m.media-amazon.com/images/I/61PLmC+Z-NL._AC_UL320_.jpg,https://www.amazon.ae/dp/B0DJDMG7GY
B0DLP1GJQ6,Dayllon,"Men's Quartz Watches, Chronograph Waterproof Luminous Designer Men's Watches, Business Work Sport Casual Dress Watch with Silicone Strap Elegant Gifts for Men, Black",134.04,Watches,4.1,https://m.media-amazon.com/images/I/71Wa6p+1b3L._AC_UL320_.jpg,https://www.amazon.ae/dp/B0DLP1GJQ6
B08T9Z9381,Tissot,mens PRX 316L stainless steel case Dress Watch Grey T1374101103100,1217.89,Watches,4.5,https://m.media-amazon.com/images/I/61vT+XaxmRL._AC_UL320_.jpg,https://www.amazon.ae/dp/B08T9Z938
B0DB6PJGT5,Orient,"Bambino Version 7 Automatic Dress Watch Model: RA-AC0M04Y30B, Champagne",998.0,Watches,4.7,https://m.media-amazon.com/images/I/71Jtrk5UHZL._AC_UL320_.jpg,https://www.amazon.ae/dp/B0DB6PJGT
B00786VYGS,Armani Exchange,Armani Exchange AX Men's Stainless Steel Quartz Dress Watch,409.0,Watches,4.4,https://m.media-amazon.com/images/I/611U2S5m7wL._AC_UL320_.jpg,https://www.amazon.ae/dp/B00786VYGS
B09G6G1626,Fossil,Fossil Men's Bronson Stainless Steel Quartz Dress Chronograph Watch,300.0,Watches,4.2,https://m.media-amazon.com/images/I/81czwaVW8cL._AC_UL320_.jpg,https://www.amazon.ae/dp/B09G6G1626
B0C7QPCKWH,EUTOUR,Mens Watch Magnetic Balls No Glass Minimalist Dress Simplicity Quartz Watches Silicone Stainless Steel Leather Strap,280.0,Watches,4.1,https://m.media-amazon.com/images/I/71QS5fdofKL._AC_UL320_.jpg,https://www.amazon.ae/dp/B0C7QPCKWH
B08YQ3NLZ3,Tommy Hilfiger,DRESS MENS LINK BRACELET - 2790313,198.0,Accessories,4.4,https://m.media-amazon.com/images/I/51dJJFc4xrL._AC_UL320_.jpg,https://www.amazon.ae/dp/B08YQ3NLZ3
B079DQCG6H,HONEY BEAR,5 Pairs Silk Bow Cufflinks for Men/Women Shirt/Dresses with Box,35.95,Accessories,4.4,https://m.media-amazon.com/images/I/71qJS816rUL._AC_UL320_.jpg,https://www.amazon.ae/dp/B079DQCG6H
B082F2QPDN,HAWSON,HAWSON Birthstone Tuxedo Studs and Cufflinks Set for Men's Suit Tuxedo Formal Dress Shirt Wedding Business Party Accessories,115.59,Accessories,4.7,https://m.media-amazon.com/images/I/81pP2gwOlwL._AC_UL320_.jpg,https://www.amazon.ae/dp/B082F2QPDN
